OrderID,OrderDate,ProductID,RegionID,Quantity,UnitPrice,Revenue,Cost,OrderStatus
ORD-1001,2025-10-16,P002,R01,67,147.9,9909.3,8040,Completed
ORD-1002,2024-04-14,P009,R02,35,70.21,2457.35,1925,Completed
ORD-1003,2024-08-11,P004,R01,31,254.03,7874.93,6510,Completed
ORD-1004,2025-07-12,P007,R04,32,238.82,7642.24,5760,Completed
ORD-1005,2024-01-07,P003,R07,18,104.84,1887.12,1530,Completed
ORD-1006,2024-12-10,P002,R02,36,141.48,5093.28,4320,Completed
ORD-1007,2025-09-10,P005,R01,60,450.74,27044.4,21000,Completed
ORD-1008,2025-01-22,P002,R05,38,160.27,6090.26,4560,Completed
ORD-1009,2025-08-14,P004,R02,3,283.16,849.48,630,Completed
ORD-1010,2024-03-22,P004,R02,22,259.01,5698.22,4620,Completed
ORD-1011,2025-01-08,P003,R06,22,103.09,2267.98,1870,Completed
ORD-1012,2025-11-30,P002,R03,55,164.25,9033.75,6600,Completed
ORD-1013,2025-01-23,P005,R04,41,436.55,17898.55,14350,Completed
ORD-1014,2024-02-27,P004,R01,16,266.77,4268.32,3360,Completed
ORD-1015,2025-08-03,P006,R04,42,84.49,3548.58,2730,Completed
ORD-1016,2025-10-20,P008,R03,24,113.23,2717.52,2280,Completed
ORD-1017,2025-07-05,P005,R07,42,444.44,18666.48,14700,Completed
ORD-1018,2024-05-21,P009,R08,7,75.72,530.04,385,Completed
ORD-1019,2024-06-05,P003,R07,42,99.37,4173.54,3570,Completed
ORD-1020,2025-04-24,P009,R05,38,77.45,2943.1,2090,Completed
ORD-1021,2024-04-27,P009,R05,38,68.86,2616.68,2090,Completed
ORD-1022,2024-06-10,P008,R01,50,134.21,6710.5,4750,Completed
ORD-1023,2025-05-27,P003,R02,48,105.36,5057.28,4080,Completed
ORD-1024,2025-09-15,P004,R03,31,289.54,8975.74,6510,Completed
ORD-1025,2025-06-27,P001,R06,39,52.01,2028.39,1755,Pending
ORD-1026,2024-11-10,P004,R01,22,296.81,6529.82,4620,Pending
ORD-1027,2024-03-28,P008,R02,42,124.43,5226.06,3990,Completed
ORD-1028,2025-11-06,P008,R03,27,124.29,3355.83,2565,Completed
ORD-1029,2024-08-04,P009,R04,39,68.39,2667.21,2145,
ORD-1030,2025-10-27,P006,R08,48,83.55,4010.4,3120,Completed
ORD-1031,2024-03-06,P006,R01,33,85.55,2823.15,2145,Completed
ORD-1032,2024-01-08,P002,R01,12,140.43,1685.16,1440,Completed
ORD-1033,2024-12-04,P002,R04,26,162.08,4214.08,3120,Completed
ORD-1034,2024-05-15,P010,R08,17,193.95,3297.15,2380,Completed
ORD-1035,2024-07-13,P002,R02,41,153.52,6294.32,4920,Completed
ORD-1036,2025-04-23,P001,R02,5,57.19,285.95,225,Completed
ORD-1037,2024-04-21,P004,R04,12,275.29,3303.48,2520,Completed
ORD-1038,2024-07-06,P005,R08,16,494.32,7909.12,5600,Completed
ORD-1039,2025-07-17,P002,R01,46,173.97,8002.62,5520,Completed
ORD-1040,2024-04-05,P004,R03,25,272.1,6802.5,5250,Completed
ORD-1041,2025-02-14,P001,R03,22,51.78,1139.16,990,Completed
ORD-1042,2025-04-10,P005,R07,47,503.02,23641.94,16450,
ORD-1043,2025-07-23,P008,R03,15,117.71,1765.65,1425,Cancelled
ORD-1044,2025-08-16,P009,R01,47,68.42,3215.74,2585,Completed
ORD-1045,2025-05-03,P009,R03,5,79.1,395.5,275,Completed
ORD-1046,2024-07-09,P002,R02,42,169.03,7099.26,5040,Completed
ORD-1047,2025-08-06,P004,R01,40,246.66,9866.4,8400,Completed
ORD-1048,2025-08-01,P009,R06,17,66.62,1132.54,935,Completed
ORD-1049,2024-09-01,P005,R07,11,473.03,5203.33,3850,Completed
ORD-1050,2024-11-19,P002,R01,41,160.36,6574.76,4920,Completed
ORD-1051,2024-04-12,P002,R04,30,147.55,4426.5,3600,Pending
ORD-1052,2024-03-11,P004,R06,17,251.44,4274.48,3570,Completed
ORD-1053,2025-12-21,P005,R01,70,488.3,34181.0,24500,Completed
ORD-1054,2025-11-10,P002,R03,27,142.16,3838.32,3240,Completed
ORD-1055,2025-07-20,P003,R05,21,113.17,2376.57,1785,Completed
ORD-1056,2024-07-27,P005,R08,17,497.56,8458.52,5950,Completed
ORD-1057,2024-04-04,P007,R05,3,207.19,621.57,540,Completed
ORD-1058,2025-10-14,P005,R03,67,448.89,30075.63,23450,Completed
ORD-1059,2025-07-28,P001,R02,6,64.51,387.06,270,Completed
ORD-1060,2024-06-01,P009,R01,26,72.86,1894.36,1430,Completed
ORD-1061,2024-05-10,P001,R05,25,63.89,1597.25,1125,Completed
ORD-1062,2024-02-10,P006,R04,33,79.62,2627.46,2145,Completed
ORD-1063,2025-07-27,P007,R03,18,253.69,4566.42,3240,Cancelled
ORD-1064,2024-06-30,P007,R01,13,246.77,3208.01,2340,Completed
ORD-1065,2025-02-25,P004,R05,10,291.1,2911.0,2100,Completed
ORD-1066,2024-02-09,P008,R04,10,132.52,1325.2,950,Completed
ORD-1067,2024-11-08,P004,R04,4,283.08,1132.32,840,Completed
ORD-1068,2024-10-12,P002,R05,28,161.09,4510.52,3360,Completed
ORD-1069,2025-07-03,P006,R01,9,91.85,826.65,585,Completed
ORD-1070,2025-08-17,P005,R01,7,465.14,3255.98,2450,Completed
ORD-1071,2024-11-17,P007,R02,35,255.57,8944.95,6300,Completed
ORD-1072,2024-02-15,P007,R01,26,256.98,6681.48,4680,Completed
ORD-1073,2025-11-17,P004,R06,45,245.91,11065.95,9450,Completed
ORD-1074,2024-12-04,P010,R06,61,196.62,11993.82,8540,Completed
ORD-1075,2024-11-03,P009,R05,59,69.99,4129.41,3245,Completed
ORD-1076,2024-10-29,P009,R03,16,70.19,1123.04,880,Pending
ORD-1077,2025-11-24,P003,R05,41,111.72,4580.52,3485,Completed
ORD-1078,2024-10-20,P004,R07,46,279.72,12867.12,9660,Completed
ORD-1079,2025-03-28,P008,R04,33,122.74,4050.42,3135,Pending
ORD-1080,2024-06-22,P002,R05,35,161.9,5666.5,4200,Completed
ORD-1081,2024-04-05,P004,R05,14,292.31,4092.34,2940,Completed
ORD-1082,2024-02-17,P004,R08,30,295.03,8850.9,6300,Completed
ORD-1083,2025-02-28,P010,R04,40,190.25,7610.0,5600,Completed
ORD-1084,2024-09-06,P003,R01,55,119.69,6582.95,4675,Completed
ORD-1085,2025-03-11,P004,R03,44,274.13,12061.72,9240,Completed
ORD-1086,2024-09-12,P002,R08,11,166.85,1835.35,1320,Completed
ORD-1087,2025-07-26,P010,R06,54,198.44,10715.76,7560,Completed
ORD-1088,2025-05-31,P007,R08,13,247.16,3213.08,2340,Completed
ORD-1089,2024-09-22,P004,R05,38,272.03,10337.14,7980,Completed
ORD-1090,2025-03-26,P002,R05,16,147.78,2364.48,1920,Completed
ORD-1091,2025-07-07,P002,R03,12,146.33,1755.96,1440,Completed
ORD-1092,2025-12-24,P004,R02,45,267.18,12023.1,9450,Completed
ORD-1093,2025-03-01,P001,R04,27,57.01,1539.27,1215,Completed
ORD-1094,2025-12-13,P001,R07,51,51.83,2643.33,2295,Completed
ORD-1095,2025-02-03,P007,R04,28,218.85,6127.8,5040,Completed
ORD-1096,2024-01-30,P007,R06,35,243.67,8528.45,6300,Completed
ORD-1097,2024-06-18,P008,R03,43,124.47,5352.21,4085,Pending
ORD-1098,2025-08-29,P010,R01,6,188.0,1128.0,840,Completed
ORD-1099,2025-04-17,P003,R01,18,107.42,1933.56,1530,Completed
ORD-1100,2024-11-30,P006,R07,25,89.41,2235.25,1625,Completed
ORD-1101,2024-09-15,P002,R08,3,164.96,494.88,360,Completed
ORD-1102,2024-12-24,P004,R02,60,244.04,14642.4,12600,Completed
ORD-1103,2024-09-10,P004,R01,45,251.1,11299.5,9450,Completed
ORD-1104,2025-11-16,P002,R04,48,163.18,7832.64,5760,Completed
ORD-1105,2024-06-20,P010,R02,12,201.52,2418.24,1680,Completed
ORD-1106,2024-01-27,P005,R07,21,501.35,10528.35,7350,Completed
ORD-1107,2025-08-29,P004,R02,44,290.17,12767.48,9240,Completed
ORD-1108,2025-09-06,P002,R01,30,157.18,4715.4,3600,Completed
ORD-1109,2024-03-11,P009,R06,1,77.27,77.27,55,Completed
ORD-1110,2024-04-18,P007,R06,37,255.15,9440.55,6660,Completed
ORD-1111,2024-06-05,P007,R03,50,235.17,11758.5,9000,Completed
ORD-1112,2025-09-22,P009,R08,39,70.44,2747.16,2145,Completed
ORD-1113,2024-10-01,P006,R04,8,80.19,641.52,520,Completed
ORD-1114,2025-04-20,P010,R07,23,162.21,3730.83,3220,Completed
ORD-1115,2024-07-05,P008,R04,22,131.99,2903.78,2090,Completed
ORD-1116,2025-09-02,P005,R01,44,502.05,22090.2,15400,Completed
ORD-1117,2025-02-20,P008,R04,39,122.82,4789.98,3705,Completed
ORD-1118,2025-04-03,P001,R02,20,54.74,1094.8,900,Completed
ORD-1119,2024-11-09,P010,R06,43,184.25,7922.75,6020,Completed
ORD-1120,2025-07-17,P006,R06,50,83.6,4180.0,3250,Completed
ORD-1121,2024-08-24,P002,R04,18,142.3,2561.4,2160,Completed
ORD-1122,2025-12-07,P003,R04,24,116.58,2797.92,2040,Completed
ORD-1123,2025-08-26,P009,R05,7,76.99,538.93,385,Completed
ORD-1124,2025-01-04,P003,R05,1,115.8,115.8,85,Completed
ORD-1125,2024-02-16,P001,R05,34,64.5,2193.0,1530,Completed
ORD-1126,2025-05-17,P002,R01,43,148.24,6374.32,5160,Completed
ORD-1127,2024-12-14,P003,R01,25,121.75,3043.75,2125,Completed
ORD-1128,2024-03-07,P007,R08,5,238.16,1190.8,900,Completed
ORD-1129,2024-06-04,P003,R05,7,123.09,861.63,595,Completed
ORD-1130,2025-03-02,P010,R04,34,176.98,6017.32,4760,Pending
ORD-1131,2024-10-31,P010,R07,25,184.88,4622.0,3500,Completed
ORD-1132,2024-04-11,P004,R04,16,283.11,4529.76,3360,Completed
ORD-1133,2024-06-26,P009,R02,12,63.29,759.48,660,Completed
ORD-1134,2025-08-31,P008,R05,3,115.85,347.55,285,Completed
ORD-1135,2025-12-20,P008,R02,72,115.9,8344.8,6840,Completed
ORD-1136,2025-10-02,P010,R04,40,165.82,6632.8,5600,Completed
ORD-1137,2024-06-01,P005,R03,6,408.76,2452.56,2100,Completed
ORD-1138,2025-09-01,P010,R05,37,166.22,6150.14,5180,Completed
ORD-1139,2025-12-17,P007,R05,54,236.16,12752.64,9720,Completed
ORD-1140,2025-09-04,P001,R07,61,56.1,3422.1,2745,Completed
ORD-1141,2024-04-03,P004,R01,45,283.85,12773.25,9450,Completed
ORD-1142,2024-02-11,P003,R08,26,114.36,2973.36,2210,Pending
ORD-1143,2024-07-04,P010,R07,39,195.2,7612.8,5460,Cancelled
ORD-1144,2025-04-26,P006,R07,23,81.01,1863.23,1495,Completed
ORD-1145,2024-06-13,P006,R07,48,84.41,4051.68,3120,Completed
ORD-1146,2025-02-14,P009,R01,26,64.7,1682.2,1430,Completed
ORD-1147,2024-04-28,P007,R01,39,253.95,9904.05,7020,Completed
ORD-1148,2024-02-25,P004,R06,30,289.16,8674.8,6300,Completed
ORD-1149,2024-02-22,P004,R05,27,249.75,6743.25,5670,Completed
ORD-1150,2025-12-16,P008,R02,4,136.98,547.92,380,Completed
ORD-1151,2024-09-02,P003,R05,40,98.1,3924.0,3400,Completed
ORD-1152,2024-08-18,P002,R08,7,161.32,1129.24,840,Completed
ORD-1153,2024-10-25,P009,R05,33,77.02,2541.66,1815,Cancelled
ORD-1154,2024-09-06,P008,R03,28,114.68,3211.04,2660,Completed
ORD-1155,2024-05-19,P002,R05,28,150.24,4206.72,3360,Completed
ORD-1156,2024-09-30,P001,R05,52,55.78,2900.56,2340,Completed
ORD-1157,2025-11-06,P008,R03,46,124.6,5731.6,4370,Completed
ORD-1158,2025-07-19,P009,R07,33,78.64,2595.12,1815,Completed
ORD-1159,2025-12-15,P004,R07,25,295.43,7385.75,5250,Completed
ORD-1160,2024-11-21,P008,R07,35,137.42,4809.7,3325,Completed
ORD-1161,2025-10-29,P003,R08,5,100.97,504.85,425,Cancelled
ORD-1162,2024-12-05,P002,R08,11,156.93,1726.23,1320,Completed
ORD-1163,2024-05-27,P007,R03,6,232.35,1394.1,1080,Cancelled
ORD-1164,2024-12-12,P010,R07,60,164.37,9862.2,8400,Completed
ORD-1165,2025-11-21,P009,R07,34,73.59,2502.06,1870,Completed
ORD-1166,2025-05-14,P009,R01,47,64.38,3025.86,2585,Completed
ORD-1167,2024-10-21,P004,R02,34,303.14,10306.76,7140,Completed
ORD-1168,2025-12-21,P002,R08,19,162.98,3096.62,2280,Pending
ORD-1169,2024-02-17,P006,R01,15,81.74,1226.1,975,Completed
ORD-1170,2024-09-07,P009,R07,41,74.5,3054.5,2255,Completed
ORD-1171,2024-06-28,P002,R07,43,162.59,6991.37,5160,Completed
ORD-1172,2025-08-20,P003,R04,30,114.02,3420.6,2550,Completed
ORD-1173,2025-11-13,P001,R08,31,60.9,1887.9,1395,Completed
ORD-1174,2025-03-28,P006,R05,41,93.51,3833.91,2665,Completed
ORD-1175,2025-04-12,P005,R04,26,492.1,12794.6,9100,Completed
ORD-1176,2025-01-25,P010,R06,34,173.43,5896.62,4760,Completed
ORD-1177,2024-01-23,P007,R05,1,237.56,237.56,180,Completed
ORD-1178,2024-02-20,P010,R08,15,193.58,2903.7,2100,Completed
ORD-1179,2024-12-26,P004,R04,57,257.29,14665.53,11970,Completed
ORD-1180,2025-11-06,P003,R02,65,114.23,7424.95,5525,Completed
ORD-1181,2025-03-27,P001,R06,46,53.52,2461.92,2070,Pending
ORD-1182,2024-11-30,P007,R03,18,214.14,3854.52,3240,Completed
ORD-1183,2025-01-09,P009,R05,11,67.49,742.39,605,Completed
ORD-1184,2025-05-08,P005,R06,10,451.67,4516.7,3500,Completed
ORD-1185,2024-08-19,P007,R06,5,249.7,1248.5,900,Completed
ORD-1186,2025-07-03,P002,R08,27,162.22,4379.94,3240,Completed
ORD-1187,2025-08-21,P007,R06,7,243.44,1704.08,1260,Completed
ORD-1188,2025-09-26,P009,R06,51,66.9,3411.9,2805,Completed
ORD-1189,2025-04-20,P005,R07,9,417.18,3754.62,3150,Pending
ORD-1190,2024-11-07,P008,R02,10,115.94,1159.4,950,Completed
ORD-1191,2025-02-01,P008,R06,37,136.31,5043.47,3515,Completed
ORD-1192,2025-07-07,P007,R03,30,242.37,7271.1,5400,Completed
ORD-1193,2025-09-22,P007,R05,5,244.28,1221.4,900,Completed
ORD-1194,2025-03-31,P004,R06,7,303.3,2123.1,1470,Completed
ORD-1195,2025-10-22,P006,R01,37,80.13,2964.81,2405,Cancelled
ORD-1196,2025-04-10,P002,R04,44,161.02,7084.88,5280,Cancelled
ORD-1197,2024-02-21,P006,R04,7,90.1,630.7,455,Completed
ORD-1198,2025-07-21,P004,R04,17,262.2,4457.4,3570,Completed
ORD-1199,2025-09-02,P001,R05,13,65.08,846.04,585,Completed
ORD-1200,2024-06-27,P002,R01,10,138.53,1385.3,1200,Completed
ORD-1201,2024-08-31,P010,R06,2,168.32,336.64,280,Completed
ORD-1202,2025-03-07,P009,R02,47,64.3,3022.1,2585,Completed
ORD-1203,2025-01-05,P009,R02,27,71.56,1932.12,1485,Pending
ORD-1204,2024-02-14,P009,R05,23,73.87,1699.01,1265,Completed
ORD-1205,2025-05-05,P007,R07,51,212.83,10854.33,9180,Completed
ORD-1206,2025-03-30,P002,R02,21,159.9,3357.9,2520,Completed
ORD-1207,2024-10-08,P010,R06,31,202.77,6285.87,4340,Completed
ORD-1208,2025-04-09,P009,R07,8,76.34,610.72,440,Completed
ORD-1209,2025-11-01,P009,R04,45,70.7,3181.5,2475,Completed
ORD-1210,2024-12-13,P008,R07,39,130.04,5071.56,3705,Completed
ORD-1211,2024-11-16,P005,R06,14,474.62,6644.68,4900,Completed
ORD-1212,2024-04-03,P002,R02,26,141.48,3678.48,3120,Completed
ORD-1213,2024-05-13,P009,R01,39,79.03,3082.17,2145,Completed
ORD-1214,2025-11-17,P002,R07,37,169.45,6269.65,4440,Pending
ORD-1215,2025-03-09,P001,R05,39,55.97,2182.83,1755,Completed
ORD-1216,2025-06-03,P004,R03,53,271.88,14409.64,11130,Completed
ORD-1217,2024-12-24,P009,R06,12,75.83,909.96,660,Completed
ORD-1218,2025-03-15,P009,R01,39,78.58,3064.62,2145,Completed
ORD-1219,2024-09-30,P001,R03,20,61.24,1224.8,900,Completed
ORD-1220,2024-12-13,P006,R01,18,91.71,1650.78,1170,Completed
ORD-1221,2025-02-14,P002,R03,42,160.79,6753.18,5040,Completed
ORD-1222,2025-06-27,P004,R07,33,270.08,8912.64,6930,Completed
ORD-1223,2024-11-15,P006,R02,6,77.78,466.68,390,Completed
ORD-1224,2024-02-20,P002,R05,22,161.83,3560.26,2640,Completed
ORD-1225,2025-03-28,P007,R05,14,247.77,3468.78,2520,Completed
ORD-1226,2025-03-16,P002,R05,43,162.43,6984.49,5160,Completed
ORD-1227,2025-11-14,P005,R01,24,444.0,10656.0,8400,Completed
ORD-1228,2024-01-08,P004,R05,12,289.84,3478.08,2520,Completed
ORD-1229,2024-10-23,P006,R02,2,84.45,168.9,130,Completed
ORD-1230,2024-05-12,P007,R04,34,237.17,8063.78,6120,Completed
ORD-1231,2024-12-28,P002,R07,68,139.52,9487.36,8160,Completed
ORD-1232,2024-03-20,P006,R07,32,82.64,2644.48,2080,Completed
ORD-1233,2024-10-23,P002,R07,3,172.78,518.34,360,Completed
ORD-1234,2025-09-24,P008,R06,8,121.7,973.6,760,Completed
ORD-1235,2025-03-22,P010,R07,34,164.3,5586.2,4760,Completed
ORD-1236,2024-12-13,P004,R06,16,246.31,3940.96,3360,Completed
ORD-1237,2025-06-27,P009,R04,28,69.04,1933.12,1540,Cancelled
ORD-1238,2025-10-22,P003,R04,11,101.48,1116.28,935,Completed
ORD-1239,2025-09-08,P003,R02,16,122.01,1952.16,1360,Completed
ORD-1240,2025-04-20,P010,R08,46,199.81,9191.26,6440,Completed
ORD-1241,2025-10-12,P010,R06,57,174.28,9933.96,7980,Completed
ORD-1242,2025-04-25,P008,R05,19,126.11,2396.09,1805,Completed
ORD-1243,2024-03-16,P005,R08,25,406.45,10161.25,8750,Completed
ORD-1244,2024-10-20,P002,R02,49,159.39,7810.11,5880,Completed
ORD-1245,2025-08-17,P009,R01,29,78.25,2269.25,1595,Completed
ORD-1246,2024-07-11,P006,R08,32,77.69,2486.08,2080,Completed
ORD-1247,2024-04-15,P006,R02,30,87.35,2620.5,1950,Completed
ORD-1248,2025-12-25,P008,R08,56,124.15,6952.4,5320,Completed
ORD-1249,2025-01-16,P005,R07,25,483.82,12095.5,8750,Completed
ORD-1250,2024-02-23,P006,R02,17,76.59,1302.03,1105,Completed
ORD-1251,2024-10-17,P005,R03,27,411.06,11098.62,9450,Completed
ORD-1252,2024-12-24,P005,R07,14,464.98,6509.72,4900,Pending
ORD-1253,2024-11-13,P009,R07,58,76.31,4425.98,3190,Completed
ORD-1254,2025-11-17,P009,R02,66,74.31,4904.46,3630,Completed
ORD-1255,2024-01-19,P006,R05,10,93.3,933.0,650,Completed
ORD-1256,2025-05-12,P004,R04,11,251.26,2763.86,2310,Completed
ORD-1257,2024-04-13,P009,R01,39,68.81,2683.59,2145,Completed
ORD-1258,2024-05-14,P010,R07,11,167.81,1845.91,1540,Completed
ORD-1259,2025-10-01,P003,R08,5,108.23,541.15,425,Completed
ORD-1260,2024-08-31,P008,R05,42,130.58,5484.36,3990,Completed
ORD-1261,2025-06-30,P004,R05,38,298.45,11341.1,7980,Completed
ORD-1262,2025-11-25,P010,R08,48,193.32,9279.36,6720,Completed
ORD-1263,2025-05-29,P009,R07,13,76.73,997.49,715,Completed
ORD-1264,2024-05-21,P005,R01,43,452.96,19477.28,15050,Completed
ORD-1265,2024-04-15,P009,R02,18,64.63,1163.34,990,Completed
ORD-1266,2025-04-05,P009,R03,30,64.76,1942.8,1650,Pending
ORD-1267,2025-04-06,P006,R01,28,75.79,2122.12,1820,Completed
ORD-1268,2024-08-29,P007,R02,21,219.13,4601.73,3780,Completed
ORD-1269,2024-04-11,P006,R03,9,75.5,679.5,585,Pending
ORD-1270,2025-04-28,P003,R08,31,113.44,3516.64,2635,Pending
ORD-1271,2024-01-20,P005,R04,8,460.12,3680.96,2800,Completed
ORD-1272,2025-06-24,P007,R02,24,219.83,5275.92,4320,Completed
ORD-1273,2024-09-01,P007,R08,6,212.99,1277.94,1080,Pending
ORD-1274,2025-09-03,P009,R01,53,71.75,3802.75,2915,Completed
ORD-1275,2024-05-27,P005,R07,2,467.06,934.12,700,Completed
ORD-1276,2025-03-02,P003,R02,34,122.6,4168.4,2890,Completed
ORD-1277,2025-06-22,P009,R01,31,77.66,2407.46,1705,Completed
ORD-1278,2025-01-31,P006,R05,45,75.07,3378.15,2925,Completed
ORD-1279,2024-12-19,P004,R02,54,287.82,15542.28,11340,Completed
ORD-1280,2024-02-15,P006,R06,32,78.16,2501.12,2080,Completed
ORD-1281,2025-04-20,P008,R03,10,111.05,1110.5,950,Completed
ORD-1282,2025-04-13,P001,R05,14,52.34,732.76,630,Completed
ORD-1283,2024-02-12,P006,R05,25,82.52,2063.0,1625,Completed
ORD-1284,2025-04-29,P005,R01,51,470.42,23991.42,17850,Completed
ORD-1285,2024-02-18,P006,R05,6,90.34,542.04,390,Completed
ORD-1286,2025-02-13,P008,R07,19,137.0,2603.0,1805,Completed
ORD-1287,2025-05-24,P006,R05,8,88.93,711.44,520,Completed
ORD-1288,2025-09-08,P003,R05,27,100.37,2709.99,2295,Completed
ORD-1289,2024-10-29,P005,R08,48,477.85,22936.8,16800,Completed
ORD-1290,2025-03-30,P006,R08,3,88.92,266.76,195,Pending
ORD-1291,2025-09-21,P007,R05,53,259.92,13775.76,9540,Pending
ORD-1292,2024-03-17,P007,R06,28,250.26,7007.28,5040,Completed
ORD-1293,2024-02-01,P003,R08,3,100.97,302.91,255,Completed
ORD-1294,2025-10-22,P006,R06,35,93.26,3264.1,2275,Completed
ORD-1295,2024-06-06,P008,R06,26,121.9,3169.4,2470,Completed
ORD-1296,2024-05-20,P009,R06,27,68.44,1847.88,1485,Completed
ORD-1297,2024-04-26,P001,R03,29,58.74,1703.46,1305,Pending
ORD-1298,2024-04-30,P005,R05,42,449.36,18873.12,14700,
ORD-1299,2024-10-19,P008,R04,10,113.12,1131.2,950,Completed
ORD-1300,2024-06-25,P008,R02,47,136.83,6431.01,4465,Cancelled
ORD-1301,2025-11-14,P006,R02,57,85.32,4863.24,3705,Completed
ORD-1302,2024-06-10,P003,R06,35,103.47,3621.45,2975,Cancelled
ORD-1303,2024-05-22,P004,R08,3,264.24,792.72,630,Completed
ORD-1304,2025-04-23,P009,R03,42,77.84,3269.28,2310,Completed
ORD-1305,2025-02-11,P008,R07,24,132.72,3185.28,2280,Completed
ORD-1306,2024-11-20,P002,R08,41,162.48,6661.68,4920,Completed
ORD-1307,2025-07-18,P010,R03,10,179.17,1791.7,1400,Pending
ORD-1308,2024-02-26,P002,R03,15,143.93,2158.95,1800,Completed
ORD-1309,2025-12-27,P004,R06,56,297.88,16681.28,11760,Completed
ORD-1310,2024-09-13,P004,R05,11,280.88,3089.68,2310,Completed
ORD-1311,2024-04-05,P009,R03,35,78.79,2757.65,1925,Completed
ORD-1312,2025-11-05,P010,R06,58,162.73,9438.34,8120,Completed
ORD-1313,2024-03-24,P001,R05,36,54.6,1965.6,1620,Completed
ORD-1314,2025-09-24,P001,R08,53,59.12,3133.36,2385,Completed
ORD-1315,2024-11-05,P008,R04,60,120.82,7249.2,5700,Completed
ORD-1316,2025-12-06,P001,R03,48,57.36,2753.28,2160,Completed
ORD-1317,2024-12-14,P010,R03,30,197.18,5915.4,4200,Completed
ORD-1318,2024-12-19,P007,R03,70,227.01,15890.7,12600,Completed
ORD-1319,2024-11-22,P004,R08,12,258.35,3100.2,2520,Completed
ORD-1320,2024-04-09,P001,R05,23,63.42,1458.66,1035,Completed
ORD-1321,2024-06-12,P006,R06,14,89.63,1254.82,910,Completed
ORD-1322,2025-06-11,P008,R08,25,123.43,3085.75,2375,Completed
ORD-1323,2025-02-06,P009,R08,14,66.8,935.2,770,Completed
ORD-1324,2024-02-21,P005,R08,30,495.15,14854.5,10500,Completed
ORD-1325,2025-04-26,P005,R01,8,447.75,3582.0,2800,Completed
ORD-1326,2025-01-09,P007,R06,3,228.63,685.89,540,Completed
ORD-1327,2024-07-18,P006,R05,5,82.28,411.4,325,Completed
ORD-1328,2025-07-17,P005,R02,10,504.88,5048.8,3500,Completed
ORD-1329,2024-12-13,P009,R06,70,65.63,4594.1,3850,Completed
ORD-1330,2025-02-15,P009,R01,3,63.89,191.67,165,Completed
ORD-1331,2025-04-30,P009,R08,11,73.25,805.75,605,Completed
ORD-1332,2024-12-01,P010,R06,16,177.5,2840.0,2240,Completed
ORD-1333,2024-11-02,P010,R06,45,195.79,8810.55,6300,Completed
ORD-1334,2025-12-26,P010,R05,51,195.26,9958.26,7140,Completed
ORD-1335,2025-11-20,P002,R07,60,149.08,8944.8,7200,Completed
ORD-1336,2025-12-05,P001,R08,28,64.81,1814.68,1260,Completed
ORD-1337,2025-08-15,P010,R04,46,163.16,7505.36,6440,Completed
ORD-1338,2025-06-20,P010,R07,13,195.51,2541.63,1820,Completed
ORD-1339,2025-08-09,P002,R04,2,153.88,307.76,240,Completed
ORD-1340,2025-02-26,P004,R07,29,290.32,8419.28,6090,Pending
ORD-1341,2024-03-04,P003,R04,31,106.04,3287.24,2635,Completed
ORD-1342,2025-06-22,P007,R06,15,231.82,3477.3,2700,Completed
ORD-1343,2025-07-13,P006,R05,44,84.19,3704.36,2860,Cancelled
ORD-1344,2024-10-12,P009,R05,19,78.78,1496.82,1045,Cancelled
ORD-1345,2024-10-22,P004,R08,26,271.73,7064.98,5460,Completed
ORD-1346,2024-10-07,P005,R02,45,473.55,21309.75,15750,Completed
ORD-1347,2025-02-08,P006,R03,17,75.57,1284.69,1105,Cancelled
ORD-1348,2024-03-21,P006,R08,36,79.75,2871.0,2340,Completed
ORD-1349,2024-07-25,P009,R05,35,74.74,2615.9,1925,Completed
ORD-1350,2025-09-22,P010,R04,21,163.13,3425.73,2940,Pending
ORD-1351,2024-08-19,P004,R01,6,267.54,1605.24,1260,Completed
ORD-1352,2024-04-12,P003,R01,33,122.69,4048.77,2805,Completed
ORD-1353,2025-10-30,P008,R08,59,114.93,6780.87,5605,Cancelled
ORD-1354,2024-11-24,P005,R01,9,470.99,4238.91,3150,Completed
ORD-1355,2024-02-08,P003,R07,9,121.57,1094.13,765,Completed
ORD-1356,2025-02-10,P008,R03,42,136.67,5740.14,3990,Pending
ORD-1357,2024-02-08,P001,R05,28,59.89,1676.92,1260,Pending
ORD-1358,2024-12-09,P005,R08,60,459.55,27573.0,21000,Completed
ORD-1359,2024-05-17,P009,R08,19,66.43,1262.17,1045,Completed
ORD-1360,2024-06-15,P008,R05,49,114.56,5613.44,4655,Completed
ORD-1361,2024-10-29,P010,R04,15,186.66,2799.9,2100,Completed
ORD-1362,2025-02-19,P007,R06,6,228.64,1371.84,1080,Completed
ORD-1363,2024-05-23,P008,R06,17,109.44,1860.48,1615,Completed
ORD-1364,2025-04-02,P005,R06,21,463.66,9736.86,7350,Completed
ORD-1365,2024-09-24,P006,R04,5,87.77,438.85,325,Completed
ORD-1366,2024-06-12,P007,R05,48,213.34,10240.32,8640,Pending
ORD-1367,2024-10-29,P006,R04,19,93.42,1774.98,1235,Completed
ORD-1368,2025-04-10,P010,R06,28,190.48,5333.44,3920,Pending
ORD-1369,2025-07-04,P004,R04,49,289.05,14163.45,10290,Completed
ORD-1370,2024-03-24,P009,R08,29,74.86,2170.94,1595,Completed
ORD-1371,2025-07-31,P002,R01,40,170.5,6820.0,4800,Completed
ORD-1372,2025-07-03,P003,R03,24,119.54,2868.96,2040,Completed
ORD-1373,2025-11-27,P004,R08,10,298.13,2981.3,2100,Completed
ORD-1374,2024-02-26,P008,R03,25,121.09,3027.25,2375,Completed
ORD-1375,2025-07-26,P008,R05,52,109.87,5713.24,4940,Completed
ORD-1376,2024-01-04,P004,R02,3,268.19,804.57,630,Completed
ORD-1377,2025-07-08,P001,R02,34,52.18,1774.12,1530,Completed
ORD-1378,2024-05-18,P007,R06,26,231.22,6011.72,4680,Pending
ORD-1379,2025-01-21,P007,R02,41,259.06,10621.46,7380,Completed
ORD-1380,2024-05-16,P006,R02,13,94.11,1223.43,845,Completed
ORD-1381,2024-05-10,P004,R01,50,242.93,12146.5,10500,Completed
ORD-1382,2025-11-20,P009,R07,55,69.51,3823.05,3025,Completed
ORD-1383,2025-04-16,P006,R03,19,78.43,1490.17,1235,Completed
ORD-1384,2024-04-25,P001,R07,36,62.09,2235.24,1620,Completed
ORD-1385,2024-01-17,P004,R04,4,247.86,991.44,840,Completed
ORD-1386,2025-09-04,P001,R04,61,52.35,3193.35,2745,Completed
ORD-1387,2025-07-06,P004,R01,10,273.25,2732.5,2100,Completed
ORD-1388,2025-08-12,P006,R06,16,80.63,1290.08,1040,Completed
ORD-1389,2025-11-07,P009,R04,43,68.21,2933.03,2365,Completed
ORD-1390,2025-08-28,P003,R07,36,110.39,3974.04,3060,Cancelled
ORD-1391,2025-10-20,P007,R06,63,229.48,14457.24,11340,Completed
ORD-1392,2025-01-20,P003,R08,15,119.41,1791.15,1275,Completed
ORD-1393,2025-12-25,P003,R08,8,112.09,896.72,680,Cancelled
ORD-1394,2025-07-24,P009,R03,28,67.26,1883.28,1540,Completed
ORD-1395,2025-10-24,P002,R08,34,141.33,4805.22,4080,Completed
ORD-1396,2024-07-14,P001,R05,24,60.84,1460.16,1080,Completed
ORD-1397,2024-03-15,P004,R04,27,254.66,6875.82,5670,Pending
ORD-1398,2024-11-06,P001,R04,18,64.74,1165.32,810,Completed
ORD-1399,2025-05-05,P004,R04,31,299.15,9273.65,6510,Completed
ORD-1400,2024-10-16,P007,R08,43,242.03,10407.29,7740,Completed
ORD-1401,2025-01-03,P009,R08,28,64.88,1816.64,1540,Cancelled
ORD-1402,2025-04-25,P006,R04,25,80.85,2021.25,1625,Completed
ORD-1403,2024-08-14,P003,R01,15,111.86,1677.9,1275,Completed
ORD-1404,2025-03-03,P005,R03,13,437.14,5682.82,4550,Completed
ORD-1405,2024-09-08,P008,R06,19,131.01,2489.19,1805,Completed
ORD-1406,2025-10-19,P008,R08,16,130.13,2082.08,1520,Completed
ORD-1407,2024-05-23,P009,R08,13,78.38,1018.94,715,Completed
ORD-1408,2025-10-19,P001,R01,8,64.51,516.08,360,Completed
ORD-1409,2024-01-07,P007,R03,33,219.5,7243.5,5940,Completed
ORD-1410,2024-01-10,P004,R08,20,245.31,4906.2,4200,Completed
ORD-1411,2025-09-23,P008,R08,3,109.44,328.32,285,Completed
ORD-1412,2024-01-13,P001,R05,28,64.95,1818.6,1260,Completed
ORD-1413,2025-12-15,P007,R03,12,256.57,3078.84,2160,Completed
ORD-1414,2024-09-03,P004,R05,26,258.34,6716.84,5460,Completed
ORD-1415,2025-01-17,P007,R08,34,220.13,7484.42,6120,Completed
ORD-1416,2024-11-03,P002,R01,9,152.59,1373.31,1080,Completed
ORD-1417,2025-05-02,P001,R01,52,54.06,2811.12,2340,Completed
ORD-1418,2025-03-20,P006,R02,34,92.67,3150.78,2210,Completed
ORD-1419,2025-12-09,P010,R08,30,162.96,4888.8,4200,Completed
ORD-1420,2024-10-14,P009,R01,15,78.57,1178.55,825,Completed
ORD-1421,2024-07-31,P010,R03,47,195.47,9187.09,6580,Completed
ORD-1422,2024-03-19,P005,R03,32,427.75,13688.0,11200,Completed
ORD-1423,2025-02-02,P009,R06,22,75.72,1665.84,1210,Completed
ORD-1424,2025-12-06,P002,R06,8,141.52,1132.16,960,Completed
ORD-1425,2024-03-18,P006,R07,18,75.33,1355.94,1170,Completed
ORD-1426,2025-04-06,P008,R04,24,125.01,3000.24,2280,Completed
ORD-1427,2024-07-09,P010,R07,6,193.43,1160.58,840,Completed
ORD-1428,2024-09-09,P002,R02,20,143.55,2871.0,2400,Completed
ORD-1429,2025-10-11,P003,R07,30,106.95,3208.5,2550,Completed
ORD-1430,2024-11-11,P008,R06,67,116.94,7834.98,6365,Completed
ORD-1431,2024-07-10,P007,R08,35,236.96,8293.6,6300,Completed
ORD-1432,2024-01-27,P002,R06,29,141.35,4099.15,3480,Completed
ORD-1433,2024-11-28,P007,R01,27,229.35,6192.45,4860,Completed
ORD-1434,2025-07-26,P004,R03,49,265.49,13009.01,10290,Completed
ORD-1435,2024-11-04,P005,R08,14,409.14,5727.96,4900,Completed
ORD-1436,2025-03-07,P005,R08,5,440.42,2202.1,1750,Pending
ORD-1437,2025-10-02,P008,R04,42,112.3,4716.6,3990,Completed
ORD-1438,2025-02-09,P006,R07,19,83.33,1583.27,1235,Completed
ORD-1439,2025-10-28,P010,R03,28,174.47,4885.16,3920,Pending
ORD-1440,2024-07-24,P008,R06,12,136.74,1640.88,1140,Cancelled
ORD-1441,2024-10-25,P008,R04,26,119.97,3119.22,2470,Completed
ORD-1442,2025-02-06,P006,R02,32,78.65,2516.8,2080,
ORD-1443,2024-07-03,P009,R01,45,70.87,3189.15,2475,Completed
ORD-1444,2025-03-24,P005,R02,27,473.16,12775.32,9450,Completed
ORD-1445,2024-11-06,P004,R05,59,251.21,14821.39,12390,Completed
ORD-1446,2025-01-21,P002,R08,36,155.25,5589.0,4320,Completed
ORD-1447,2025-06-02,P007,R01,30,244.89,7346.7,5400,Completed
ORD-1448,2025-08-31,P002,R02,16,161.67,2586.72,1920,Completed
ORD-1449,2025-10-24,P010,R01,52,202.31,10520.12,7280,Completed
ORD-1450,2025-02-13,P006,R07,6,74.96,449.76,390,Completed
ORD-1451,2025-06-06,P009,R04,36,69.42,2499.12,1980,Completed
ORD-1452,2025-11-26,P010,R03,37,202.9,7507.3,5180,Completed
ORD-1453,2024-10-29,P007,R02,10,251.89,2518.9,1800,Completed
ORD-1454,2024-12-22,P005,R06,43,484.85,20848.55,15050,Completed
ORD-1455,2024-12-22,P008,R02,42,129.83,5452.86,3990,Completed
ORD-1456,2024-03-09,P005,R01,39,414.58,16168.62,13650,Completed
ORD-1457,2025-10-25,P002,R03,67,146.78,9834.26,8040,Completed
ORD-1458,2024-06-12,P006,R07,32,79.27,2536.64,2080,Completed
ORD-1459,2024-07-07,P003,R07,25,98.49,2462.25,2125,Completed
ORD-1460,2024-07-21,P008,R07,24,109.38,2625.12,2280,Completed
ORD-1461,2024-10-12,P002,R02,43,144.73,6223.39,5160,Completed
ORD-1462,2025-04-13,P002,R05,45,169.05,7607.25,5400,Completed
ORD-1463,2025-10-16,P006,R07,56,82.4,4614.4,3640,Completed
ORD-1464,2024-12-26,P008,R03,62,129.37,8020.94,5890,Completed
ORD-1465,2025-09-21,P010,R02,56,166.63,9331.28,7840,Completed
ORD-1466,2024-11-08,P002,R03,33,162.96,5377.68,3960,Completed
ORD-1467,2025-03-04,P010,R03,37,177.12,6553.44,5180,Completed
ORD-1468,2025-10-12,P009,R03,51,66.0,3366.0,2805,Completed
ORD-1469,2024-07-10,P006,R08,38,75.8,2880.4,2470,Completed
ORD-1470,2024-01-10,P008,R03,11,132.48,1457.28,1045,Cancelled
ORD-1471,2025-06-01,P008,R07,54,123.26,6656.04,5130,Completed
ORD-1472,2025-03-30,P008,R03,6,125.36,752.16,570,Completed
ORD-1473,2024-08-13,P005,R01,16,426.11,6817.76,5600,Completed
ORD-1474,2025-04-13,P010,R08,38,182.45,6933.1,5320,Completed
ORD-1475,2024-10-01,P009,R06,43,76.82,3303.26,2365,Completed
ORD-1476,2025-03-27,P009,R04,28,64.94,1818.32,1540,Completed
ORD-1477,2024-09-10,P005,R01,33,430.1,14193.3,11550,Completed
ORD-1478,2024-03-30,P008,R02,14,115.23,1613.22,1330,Completed
ORD-1479,2025-12-06,P006,R07,19,86.76,1648.44,1235,Completed
ORD-1480,2024-07-30,P001,R06,34,55.54,1888.36,1530,Completed
ORD-1481,2024-11-27,P005,R05,51,430.57,21959.07,17850,Completed
ORD-1482,2025-11-26,P002,R03,77,166.28,12803.56,9240,Pending
ORD-1483,2024-10-10,P003,R03,20,101.48,2029.6,1700,Completed
ORD-1484,2024-09-10,P007,R08,12,238.18,2858.16,2160,Completed
ORD-1485,2025-02-28,P007,R08,5,241.22,1206.1,900,Completed
ORD-1486,2024-04-05,P007,R05,41,257.56,10559.96,7380,Completed
ORD-1487,2025-05-14,P006,R01,55,76.57,4211.35,3575,Cancelled
ORD-1488,2025-10-12,P006,R02,49,82.51,4042.99,3185,Cancelled
ORD-1489,2024-08-04,P008,R05,18,132.86,2391.48,1710,Completed
ORD-1490,2025-08-14,P003,R08,22,120.55,2652.1,1870,Completed
ORD-1491,2024-02-17,P002,R08,2,142.47,284.94,240,Completed
ORD-1492,2025-03-27,P008,R01,28,115.02,3220.56,2660,Completed
ORD-1493,2024-05-15,P005,R03,19,412.3,7833.7,6650,Completed
ORD-1494,2024-03-25,P006,R03,4,82.48,329.92,260,Completed
ORD-1495,2025-12-17,P004,R07,69,247.25,17060.25,14490,Completed
ORD-1496,2024-08-06,P008,R02,8,126.17,1009.36,760,Completed
ORD-1497,2025-03-31,P001,R01,44,56.39,2481.16,1980,Completed
ORD-1498,2025-03-08,P003,R08,5,103.59,517.95,425,Completed
ORD-1499,2024-04-14,P002,R06,22,169.72,3733.84,2640,Completed
ORD-1500,2024-05-16,P003,R02,35,112.11,3923.85,2975,Completed
ORD-1501,2024-06-17,P008,R06,50,115.32,5766.0,4750,Completed
ORD-1502,2025-02-25,P010,R08,12,164.64,1975.68,1680,Completed
ORD-1503,2024-05-06,P010,R07,24,201.46,4835.04,3360,Completed
ORD-1504,2024-05-23,P004,R05,43,246.81,10612.83,9030,Completed
ORD-1505,2025-09-06,P010,R05,58,162.13,9403.54,8120,Completed
ORD-1506,2024-11-04,P004,R04,66,266.18,17567.88,13860,Completed
ORD-1507,2024-09-02,P008,R07,9,116.12,1045.08,855,Completed
ORD-1508,2024-03-13,P009,R01,21,78.66,1651.86,1155,Completed
ORD-1509,2025-08-05,P007,R06,35,243.88,8535.8,6300,Completed
ORD-1510,2024-03-15,P001,R02,1,55.29,55.29,45,Completed
ORD-1511,2024-03-02,P007,R05,35,245.48,8591.8,6300,Completed
ORD-1512,2025-03-09,P007,R02,41,235.97,9674.77,7380,Completed
ORD-1513,2024-10-11,P002,R05,8,156.41,1251.28,960,Completed
ORD-1514,2024-06-08,P009,R06,28,72.93,2042.04,1540,Completed
ORD-1515,2025-10-27,P002,R05,63,153.75,9686.25,7560,Cancelled
ORD-1516,2024-09-01,P001,R04,7,64.23,449.61,315,Completed
ORD-1517,2025-09-18,P010,R01,26,188.98,4913.48,3640,Completed
ORD-1518,2024-06-28,P002,R01,49,142.94,7004.06,5880,Completed
ORD-1519,2025-05-23,P006,R05,13,82.0,1066.0,845,Completed
ORD-1520,2024-10-02,P002,R01,27,167.06,4510.62,3240,Completed
ORD-1521,2024-03-06,P005,R02,28,450.3,12608.4,9800,Completed
ORD-1522,2025-05-26,P010,R03,28,167.61,4693.08,3920,Completed
ORD-1523,2025-08-10,P002,R04,47,156.32,7347.04,5640,Completed
ORD-1524,2024-01-13,P004,R01,25,264.43,6610.75,5250,Pending
ORD-1525,2024-07-02,P001,R07,15,56.09,841.35,675,Completed
ORD-1526,2024-11-23,P005,R02,51,441.64,22523.64,17850,Completed
ORD-1527,2024-02-23,P003,R04,26,122.78,3192.28,2210,Cancelled
ORD-1528,2024-03-11,P008,R05,17,118.58,2015.86,1615,Completed
ORD-1529,2024-01-09,P006,R04,16,85.74,1371.84,1040,Completed
ORD-1530,2025-09-29,P004,R08,31,278.78,8642.18,6510,Completed
ORD-1531,2024-07-19,P009,R04,10,63.36,633.6,550,Completed
ORD-1532,2024-08-26,P009,R06,35,77.1,2698.5,1925,Completed
ORD-1533,2024-12-09,P001,R07,68,61.57,4186.76,3060,Completed
ORD-1534,2025-06-26,P004,R07,39,302.05,11779.95,8190,Cancelled
ORD-1535,2024-05-25,P005,R02,4,499.23,1996.92,1400,Completed
ORD-1536,2025-06-16,P007,R06,37,259.63,9606.31,6660,Completed
ORD-1537,2024-04-07,P009,R03,37,76.78,2840.86,2035,Completed
ORD-1538,2025-08-04,P001,R07,43,64.77,2785.11,1935,Completed
ORD-1539,2024-09-24,P006,R07,50,90.97,4548.5,3250,Completed
ORD-1540,2025-04-08,P005,R04,6,501.57,3009.42,2100,Completed
ORD-1541,2025-08-21,P002,R03,7,143.92,1007.44,840,Completed
ORD-1542,2025-02-20,P002,R06,12,154.27,1851.24,1440,Completed
ORD-1543,2024-05-02,P002,R03,45,148.95,6702.75,5400,Completed
ORD-1544,2025-09-09,P001,R04,27,53.75,1451.25,1215,Completed
ORD-1545,2024-12-30,P007,R01,62,223.14,13834.68,11160,Completed
ORD-1546,2024-06-27,P001,R07,31,59.26,1837.06,1395,Completed
ORD-1547,2024-04-06,P008,R02,9,112.71,1014.39,855,Completed
ORD-1548,2024-08-15,P003,R04,22,107.24,2359.28,1870,Completed
ORD-1549,2025-10-22,P002,R05,8,138.78,1110.24,960,Completed
ORD-1550,2025-10-23,P008,R03,9,135.04,1215.36,855,Completed
ORD-1551,2024-12-05,P002,R01,43,139.82,6012.26,5160,Pending
ORD-1552,2025-03-19,P007,R08,2,227.67,455.34,360,Completed
ORD-1553,2024-12-28,P004,R03,26,259.13,6737.38,5460,Completed
ORD-1554,2024-02-05,P010,R04,32,173.39,5548.48,4480,Completed
ORD-1555,2025-07-17,P008,R01,7,117.22,820.54,665,Completed
ORD-1556,2024-07-23,P009,R04,39,79.65,3106.35,2145,Completed
ORD-1557,2024-01-20,P007,R06,25,236.4,5910.0,4500,Completed
ORD-1558,2025-08-02,P009,R06,25,67.71,1692.75,1375,Completed
ORD-1559,2025-09-03,P004,R01,24,245.19,5884.56,5040,
ORD-1560,2025-06-26,P006,R04,14,76.7,1073.8,910,Completed
ORD-1561,2024-09-29,P009,R01,55,79.69,4382.95,3025,Completed
ORD-1562,2025-02-01,P006,R03,11,79.36,872.96,715,Completed
ORD-1563,2025-12-15,P006,R01,75,88.41,6630.75,4875,Pending
ORD-1564,2025-07-31,P003,R04,36,111.57,4016.52,3060,Completed
ORD-1565,2024-02-08,P002,R01,12,159.66,1915.92,1440,Completed
ORD-1566,2025-05-04,P001,R06,47,54.47,2560.09,2115,Completed
ORD-1567,2024-06-30,P006,R01,3,77.63,232.89,195,Completed
ORD-1568,2024-05-25,P002,R06,6,151.45,908.7,720,Pending
ORD-1569,2025-02-09,P010,R02,19,173.67,3299.73,2660,Completed
ORD-1570,2024-06-10,P007,R08,45,224.13,10085.85,8100,Completed
ORD-1571,2025-07-29,P010,R06,17,188.95,3212.15,2380,Completed
ORD-1572,2025-01-22,P005,R05,9,421.16,3790.44,3150,Completed
ORD-1573,2025-12-19,P010,R07,61,162.36,9903.96,8540,Completed
ORD-1574,2025-09-18,P004,R02,41,250.36,10264.76,8610,Completed
ORD-1575,2024-08-31,P006,R06,10,87.16,871.6,650,Cancelled
ORD-1576,2025-12-26,P006,R08,3,79.92,239.76,195,Completed
ORD-1577,2024-03-10,P006,R05,6,88.8,532.8,390,Completed
ORD-1578,2025-03-24,P007,R03,27,233.63,6308.01,4860,Completed
ORD-1579,2025-07-13,P007,R02,34,249.59,8486.06,6120,Completed
ORD-1580,2025-12-04,P004,R03,48,246.14,11814.72,10080,Completed
ORD-1581,2024-10-28,P001,R06,21,64.6,1356.6,945,Completed
ORD-1582,2024-06-23,P007,R03,50,211.05,10552.5,9000,Pending
ORD-1583,2024-04-05,P006,R08,42,75.35,3164.7,2730,Pending
ORD-1584,2024-06-17,P010,R07,12,163.25,1959.0,1680,Completed
ORD-1585,2024-07-13,P007,R05,41,222.2,9110.2,7380,Completed
ORD-1586,2024-02-20,P007,R08,8,209.94,1679.52,1440,Completed
ORD-1587,2024-03-30,P005,R08,11,412.68,4539.48,3850,Completed
ORD-1588,2025-10-15,P005,R02,44,491.1,21608.4,15400,Completed
ORD-1589,2025-02-11,P008,R08,37,116.8,4321.6,3515,Completed
ORD-1590,2025-01-31,P003,R06,23,107.17,2464.91,1955,Completed
ORD-1591,2024-09-26,P008,R08,19,115.7,2198.3,1805,Completed
ORD-1592,2024-03-04,P003,R02,5,114.79,573.95,425,Completed
ORD-1593,2025-02-27,P010,R04,31,163.56,5070.36,4340,Completed
ORD-1594,2025-06-19,P007,R08,45,254.61,11457.45,8100,Completed
ORD-1595,2024-03-21,P007,R01,28,237.85,6659.8,5040,Completed
ORD-1596,2025-08-08,P010,R03,8,200.87,1606.96,1120,Completed
ORD-1597,2024-06-20,P004,R04,10,244.19,2441.9,2100,Completed
ORD-1598,2025-11-30,P007,R04,65,214.99,13974.35,11700,Completed
ORD-1599,2024-11-23,P002,R02,35,158.03,5531.05,4200,Completed
ORD-1600,2024-10-09,P009,R08,2,76.23,152.46,110,Completed
ORD-1601,2025-06-19,P007,R02,33,215.08,7097.64,5940,Completed
ORD-1602,2025-08-19,P002,R02,37,166.06,6144.22,4440,Completed
ORD-1603,2025-07-02,P006,R07,19,82.22,1562.18,1235,Completed
ORD-1604,2025-09-15,P008,R01,16,117.1,1873.6,1520,Completed
ORD-1605,2025-09-15,P007,R01,34,255.04,8671.36,6120,Completed
ORD-1606,2024-08-31,P001,R08,16,63.86,1021.76,720,Completed
ORD-1607,2024-11-06,P005,R05,44,492.61,21674.84,15400,Completed
ORD-1608,2024-08-21,P003,R05,41,109.05,4471.05,3485,Completed
ORD-1609,2024-10-02,P007,R02,16,230.85,3693.6,2880,Pending
ORD-1610,2025-02-20,P008,R06,4,123.94,495.76,380,Completed
ORD-1611,2024-11-14,P009,R07,13,76.13,989.69,715,Completed
ORD-1612,2025-08-05,P001,R03,13,63.56,826.28,585,Completed
ORD-1613,2024-02-29,P004,R01,23,244.69,5627.87,4830,Completed
ORD-1614,2024-07-22,P005,R06,29,455.54,13210.66,10150,Completed
ORD-1615,2024-05-06,P001,R04,25,58.35,1458.75,1125,Completed
ORD-1616,2025-04-30,P010,R06,24,167.87,4028.88,3360,Completed
ORD-1617,2025-12-06,P002,R05,4,151.92,607.68,480,Completed
ORD-1618,2025-08-08,P004,R04,42,255.68,10738.56,8820,Completed
ORD-1619,2025-10-29,P007,R01,62,207.48,12863.76,11160,Pending
ORD-1620,2025-10-24,P003,R01,22,104.19,2292.18,1870,Completed
ORD-1621,2024-11-08,P005,R07,35,491.92,17217.2,12250,Completed
ORD-1622,2024-08-11,P008,R05,38,124.09,4715.42,3610,Completed
ORD-1623,2025-08-21,P002,R01,33,173.98,5741.34,3960,Cancelled
ORD-1624,2025-01-18,P009,R05,19,74.54,1416.26,1045,Completed
ORD-1625,2024-12-10,P005,R06,26,429.92,11177.92,9100,Completed
ORD-1626,2025-10-29,P005,R04,15,456.82,6852.3,5250,Completed
ORD-1627,2024-02-28,P010,R07,33,174.42,5755.86,4620,Completed
ORD-1628,2024-01-27,P008,R05,14,135.1,1891.4,1330,Completed
ORD-1629,2024-02-06,P010,R04,17,191.52,3255.84,2380,Completed
ORD-1630,2025-07-01,P008,R06,37,117.81,4358.97,3515,Completed
ORD-1631,2025-11-04,P009,R03,31,64.86,2010.66,1705,Completed
ORD-1632,2024-09-21,P009,R03,49,78.09,3826.41,2695,Completed
ORD-1633,2024-08-15,P006,R04,41,91.74,3761.34,2665,Completed
ORD-1634,2024-12-05,P006,R05,54,80.48,4345.92,3510,Completed
ORD-1635,2025-04-26,P001,R02,33,63.76,2104.08,1485,Completed
ORD-1636,2025-11-28,P007,R05,43,209.92,9026.56,7740,Completed
ORD-1637,2024-05-20,P004,R06,28,303.69,8503.32,5880,Completed
ORD-1638,2025-04-13,P003,R06,48,102.35,4912.8,4080,Completed
ORD-1639,2024-12-06,P003,R06,58,99.23,5755.34,4930,Completed
ORD-1640,2024-08-02,P003,R03,28,117.77,3297.56,2380,Completed
ORD-1641,2024-05-12,P010,R07,42,179.04,7519.68,5880,Completed
ORD-1642,2025-05-03,P007,R01,4,235.82,943.28,720,Completed
ORD-1643,2024-01-15,P006,R04,2,87.95,175.9,130,Completed
ORD-1644,2024-09-11,P004,R06,23,249.62,5741.26,4830,Completed
ORD-1645,2025-08-25,P005,R03,5,489.0,2445.0,1750,Completed
ORD-1646,2024-10-24,P008,R06,34,134.56,4575.04,3230,
ORD-1647,2024-12-16,P008,R06,70,114.62,8023.4,6650,Pending
ORD-1648,2025-02-17,P001,R04,13,61.57,800.41,585,Completed
ORD-1649,2024-01-23,P010,R03,7,176.4,1234.8,980,Completed
ORD-1650,2024-02-08,P007,R05,27,240.65,6497.55,4860,Completed
ORD-1651,2024-02-19,P002,R01,3,162.83,488.49,360,Completed
ORD-1652,2025-01-24,P002,R05,29,163.27,4734.83,3480,Completed
ORD-1653,2025-12-03,P001,R05,45,60.68,2730.6,2025,Completed
ORD-1654,2024-10-03,P010,R03,33,195.89,6464.37,4620,Completed
ORD-1655,2025-09-24,P002,R05,11,166.25,1828.75,1320,Completed
ORD-1656,2025-09-15,P004,R05,44,302.81,13323.64,9240,Completed
ORD-1657,2025-02-23,P005,R03,3,460.05,1380.15,1050,Pending
ORD-1658,2025-12-05,P008,R06,27,109.33,2951.91,2565,Completed
ORD-1659,2024-04-23,P010,R08,9,200.88,1807.92,1260,Completed
ORD-1660,2024-03-17,P002,R05,36,146.32,5267.52,4320,Cancelled
ORD-1661,2024-10-30,P005,R08,6,412.98,2477.88,2100,Completed
ORD-1662,2024-02-10,P005,R06,33,435.33,14365.89,11550,Completed
ORD-1663,2024-04-07,P001,R01,9,60.71,546.39,405,Completed
ORD-1664,2025-01-01,P008,R05,44,111.9,4923.6,4180,Completed
ORD-1665,2024-07-06,P002,R07,25,172.64,4316.0,3000,Completed
ORD-1666,2025-01-29,P008,R07,39,134.5,5245.5,3705,Completed
ORD-1667,2024-05-15,P001,R03,8,57.37,458.96,360,Completed
ORD-1668,2025-08-05,P008,R03,40,120.07,4802.8,3800,Completed
ORD-1669,2024-01-30,P003,R08,26,100.63,2616.38,2210,Completed
ORD-1670,2024-02-17,P002,R05,32,149.31,4777.92,3840,Completed
ORD-1671,2025-11-25,P009,R04,68,77.66,5280.88,3740,Completed
ORD-1672,2025-12-05,P010,R02,46,188.79,8684.34,6440,Completed
ORD-1673,2024-12-20,P007,R03,51,255.17,13013.67,9180,Completed
ORD-1674,2024-01-12,P003,R08,26,119.92,3117.92,2210,Completed
ORD-1675,2025-05-18,P006,R04,26,93.67,2435.42,1690,Completed
ORD-1676,2024-08-16,P009,R07,22,76.73,1688.06,1210,Completed
ORD-1677,2025-03-30,P010,R08,6,196.98,1181.88,840,Completed
ORD-1678,2024-05-01,P008,R01,8,120.75,966.0,760,Completed
ORD-1679,2025-07-16,P001,R02,43,64.75,2784.25,1935,Completed
ORD-1680,2025-06-04,P009,R04,51,74.33,3790.83,2805,Cancelled
ORD-1681,2025-01-07,P001,R04,28,56.23,1574.44,1260,Completed
ORD-1682,2025-09-06,P008,R06,59,122.15,7206.85,5605,Completed
ORD-1683,2025-11-05,P004,R01,35,263.87,9235.45,7350,Completed
ORD-1684,2024-10-25,P009,R06,55,65.0,3575.0,3025,Completed
ORD-1685,2025-05-19,P003,R07,9,104.23,938.07,765,Completed
ORD-1686,2024-05-03,P007,R04,31,251.53,7797.43,5580,Completed
ORD-1687,2024-12-12,P002,R07,5,171.36,856.8,600,Completed
ORD-1688,2025-08-25,P002,R08,30,161.7,4851.0,3600,Cancelled
ORD-1689,2024-05-17,P008,R01,35,130.23,4558.05,3325,Completed
ORD-1690,2025-03-19,P010,R08,33,193.81,6395.73,4620,Pending
ORD-1691,2025-12-09,P010,R03,77,195.24,15033.48,10780,Completed
ORD-1692,2025-11-04,P010,R06,52,198.02,10297.04,7280,Completed
ORD-1693,2025-09-15,P004,R05,34,302.21,10275.14,7140,Cancelled
ORD-1694,2025-04-08,P003,R03,28,113.11,3167.08,2380,Completed
ORD-1695,2025-06-08,P005,R06,56,479.87,26872.72,19600,Completed
ORD-1696,2024-08-10,P004,R04,34,286.51,9741.34,7140,Completed
ORD-1697,2025-11-19,P003,R03,52,111.58,5802.16,4420,Completed
ORD-1698,2025-12-28,P002,R06,59,155.29,9162.11,7080,Completed
ORD-1699,2025-11-14,P007,R05,45,250.65,11279.25,8100,Completed
ORD-1700,2024-01-26,P007,R03,4,243.19,972.76,720,Completed
ORD-1701,2024-06-13,P005,R05,11,490.64,5397.04,3850,Completed
ORD-1702,2024-10-29,P004,R01,28,292.78,8197.84,5880,Completed
ORD-1703,2025-11-22,P009,R04,76,73.93,5618.68,4180,Completed
ORD-1704,2025-06-07,P005,R01,31,443.19,13738.89,10850,Cancelled
ORD-1705,2025-12-02,P006,R01,3,89.25,267.75,195,Completed
ORD-1706,2025-03-29,P004,R06,48,278.57,13371.36,10080,Completed
ORD-1707,2024-07-20,P004,R05,28,252.68,7075.04,5880,Completed
ORD-1708,2024-07-10,P003,R02,24,98.79,2370.96,2040,Completed
ORD-1709,2024-09-27,P003,R03,42,119.32,5011.44,3570,Completed
ORD-1710,2025-04-22,P003,R01,11,121.43,1335.73,935,Completed
ORD-1711,2025-10-02,P010,R05,45,194.18,8738.1,6300,Completed
ORD-1712,2024-03-15,P006,R04,11,84.9,933.9,715,Completed
ORD-1713,2024-06-12,P007,R07,7,225.87,1581.09,1260,Completed
ORD-1714,2025-11-10,P006,R06,38,80.47,3057.86,2470,Cancelled
ORD-1715,2025-09-25,P009,R08,46,76.84,3534.64,2530,Cancelled
ORD-1716,2024-01-10,P002,R06,24,146.65,3519.6,2880,Completed
ORD-1717,2025-09-28,P004,R01,56,297.3,16648.8,11760,Completed
ORD-1718,2024-04-26,P007,R05,32,246.09,7874.88,5760,Completed
ORD-1719,2025-06-13,P006,R08,39,75.61,2948.79,2535,Completed
ORD-1720,2024-07-16,P006,R02,7,78.01,546.07,455,Cancelled
ORD-1721,2025-07-04,P009,R01,45,64.33,2894.85,2475,Completed
ORD-1722,2024-08-06,P007,R02,12,236.04,2832.48,2160,Completed
ORD-1723,2025-03-21,P002,R03,2,154.53,309.06,240,Completed
ORD-1724,2024-03-30,P002,R01,11,166.59,1832.49,1320,Completed
ORD-1725,2025-08-11,P004,R05,27,265.95,7180.65,5670,Completed
ORD-1726,2025-03-19,P006,R01,25,87.88,2197.0,1625,Completed
ORD-1727,2025-10-18,P010,R02,69,192.33,13270.77,9660,Completed
ORD-1728,2024-03-15,P006,R02,17,90.09,1531.53,1105,Completed
ORD-1729,2024-03-29,P005,R08,22,443.99,9767.78,7700,Completed
ORD-1730,2025-04-30,P003,R04,10,116.79,1167.9,850,Completed
ORD-1731,2025-07-12,P005,R03,22,473.62,10419.64,7700,Pending
ORD-1732,2025-10-25,P006,R01,51,91.81,4682.31,3315,Completed
ORD-1733,2024-02-12,P001,R07,27,59.14,1596.78,1215,Completed
ORD-1734,2024-08-03,P006,R04,23,92.41,2125.43,1495,Completed
ORD-1735,2024-05-25,P003,R03,16,113.48,1815.68,1360,Completed
ORD-1736,2024-04-27,P003,R01,45,121.53,5468.85,3825,
ORD-1737,2025-04-17,P009,R02,20,74.33,1486.6,1100,Completed
ORD-1738,2024-07-21,P010,R08,21,176.0,3696.0,2940,Completed
ORD-1739,2024-08-28,P002,R05,34,140.51,4777.34,4080,Completed
ORD-1740,2025-05-12,P008,R06,47,128.04,6017.88,4465,Completed
ORD-1741,2024-06-05,P010,R06,23,201.26,4628.98,3220,Completed
ORD-1742,2024-11-16,P004,R04,63,288.11,18150.93,13230,Completed
ORD-1743,2025-01-03,P003,R06,29,109.55,3176.95,2465,Completed
ORD-1744,2024-11-08,P008,R02,17,127.65,2170.05,1615,Completed
ORD-1745,2024-10-14,P003,R04,21,116.46,2445.66,1785,Completed
ORD-1746,2024-03-18,P001,R01,33,59.57,1965.81,1485,Completed
ORD-1747,2024-08-05,P001,R05,30,63.82,1914.6,1350,Completed
ORD-1748,2025-10-31,P003,R06,37,103.44,3827.28,3145,Completed
ORD-1749,2024-10-24,P003,R08,40,110.77,4430.8,3400,Completed
ORD-1750,2025-05-29,P001,R04,47,60.99,2866.53,2115,Completed
ORD-1751,2024-05-23,P008,R03,13,125.39,1630.07,1235,Completed
ORD-1752,2024-05-29,P008,R06,4,115.49,461.96,380,Completed
ORD-1753,2024-03-05,P005,R06,13,406.99,5290.87,4550,Completed
ORD-1754,2025-01-04,P007,R08,28,254.6,7128.8,5040,Completed
ORD-1755,2025-10-26,P006,R02,64,93.63,5992.32,4160,Completed
ORD-1756,2024-10-07,P005,R03,31,471.14,14605.34,10850,Completed
ORD-1757,2025-10-31,P002,R05,35,173.02,6055.7,4200,Completed
ORD-1758,2025-02-19,P006,R06,28,90.21,2525.88,1820,Completed
ORD-1759,2024-01-07,P009,R03,24,65.98,1583.52,1320,Completed
ORD-1760,2025-10-20,P005,R04,15,422.13,6331.95,5250,Completed
ORD-1761,2024-05-01,P004,R07,23,286.88,6598.24,4830,Completed
ORD-1762,2025-05-05,P008,R04,44,113.85,5009.4,4180,Completed
ORD-1763,2024-01-23,P004,R01,8,277.63,2221.04,1680,Completed
ORD-1764,2025-10-06,P009,R01,52,65.67,3414.84,2860,Completed
ORD-1765,2024-07-03,P009,R07,38,79.24,3011.12,2090,Completed
ORD-1766,2025-11-08,P005,R02,23,449.67,10342.41,8050,
ORD-1767,2025-05-08,P003,R04,32,113.07,3618.24,2720,Completed
ORD-1768,2024-07-05,P010,R05,11,191.42,2105.62,1540,Completed
ORD-1769,2025-04-09,P010,R02,16,176.88,2830.08,2240,Completed
ORD-1770,2024-01-17,P004,R07,8,279.65,2237.2,1680,Completed
ORD-1771,2025-09-21,P010,R01,45,182.14,8196.3,6300,Completed
ORD-1772,2025-05-08,P003,R01,51,114.31,5829.81,4335,Completed
ORD-1773,2025-01-14,P001,R07,14,64.42,901.88,630,Completed
ORD-1774,2025-01-25,P006,R02,26,77.36,2011.36,1690,Completed
ORD-1775,2024-08-26,P002,R05,34,169.56,5765.04,4080,Completed
ORD-1776,2024-07-12,P001,R01,36,58.8,2116.8,1620,Completed
ORD-1777,2025-01-19,P004,R06,25,264.32,6608.0,5250,Completed
ORD-1778,2025-10-29,P010,R05,24,196.91,4725.84,3360,Completed
ORD-1779,2025-01-09,P010,R05,41,177.69,7285.29,5740,Completed
ORD-1780,2025-07-19,P009,R08,14,69.36,971.04,770,Completed
ORD-1781,2024-09-16,P005,R06,51,444.3,22659.3,17850,Completed
ORD-1782,2025-11-06,P002,R04,46,166.19,7644.74,5520,Pending
ORD-1783,2024-04-12,P004,R07,20,291.95,5839.0,4200,Completed
ORD-1784,2025-12-01,P001,R03,41,64.77,2655.57,1845,Completed
ORD-1785,2024-04-03,P003,R08,36,108.85,3918.6,3060,Completed
ORD-1786,2024-08-15,P006,R02,34,75.49,2566.66,2210,Completed
ORD-1787,2025-02-14,P010,R05,40,201.47,8058.8,5600,Completed
ORD-1788,2024-06-28,P008,R08,2,115.0,230.0,190,Completed
ORD-1789,2025-06-14,P005,R04,4,484.82,1939.28,1400,Completed
ORD-1790,2025-12-16,P004,R03,72,243.77,17551.44,15120,Completed
ORD-1791,2024-01-01,P003,R02,15,117.63,1764.45,1275,Completed
ORD-1792,2025-02-08,P007,R04,30,207.83,6234.9,5400,Completed
ORD-1793,2024-04-02,P009,R05,43,76.94,3308.42,2365,Pending
ORD-1794,2024-12-22,P006,R05,22,86.57,1904.54,1430,Completed
ORD-1795,2025-02-17,P010,R01,15,168.35,2525.25,2100,Completed
ORD-1796,2025-07-26,P002,R05,25,172.09,4302.25,3000,Completed
ORD-1797,2024-09-20,P009,R05,50,70.56,3528.0,2750,Completed
ORD-1798,2025-05-10,P004,R06,35,284.44,9955.4,7350,Completed
ORD-1799,2024-01-29,P008,R02,14,111.18,1556.52,1330,Completed
ORD-1800,2024-08-13,P004,R06,23,301.69,6938.87,4830,Completed
